experiment,description,question,reference,prediction,blocked,confidenceScore,retrievalMs,generationMs,totalMs,accuracy,f1_score,bleu,gleu,rouge1,rouge_l,bert_score,sbert_similarity,distinct,llm_judge_score,llm_judge_normalised,faithfulness,answer_relevance,context_relevance,scope_avg
Experiment 3,"No LAQA + No MRL (RAG + Generation, full embeddings)",What are the symptoms of lung cancer?,"Common symptoms include persistent cough, coughing blood, chest pain, shortness of breath, unexplained weight loss, fatigue, and recurrent chest infections.","Lung cancer can make you cough more often or have a harder time breathing. You might find blood when you cough or spit it out (called hemoptysis). Sometimes the side of your chest feels sore and achy from the tumor pressing on nerves, bones, lungs, and other things in there. If cancer has spread to places like liver nodules, scans can show that too when doctors check for lung issues – they may see small spots or a ""honeycomb"" pattern. Other less common symptoms could be headaches if it's near the brain, painful joints due to bone involvement, and changes in bowel habits from spreading there as well (a sign called metastasis). Remember that these can also happen with other health problems, not just lung cancer. It’s really important for anyone who feels off this way or thinks they might have symptoms like those of someone else to see a doctor right away – every person's situation is unique and only your doctors know what the best care plan will be after more tests are done if needed.

This is not medical advice.",False,0.5457527041435242,37,30347,30384,0.3684210526315789,0.06862745098039216,0.0,0.010876989783796627,0.06862745098039216,0.049019607843137254,0.46217343291767127,0.651005744934082,1.0,5.0,1.0,0.7178,0.6949,0.6411,0.76
Experiment 3,"No LAQA + No MRL (RAG + Generation, full embeddings)",When should someone seek emergency care for chest pain?,"Emergency care is needed for severe or sudden chest pain, pain with shortness of breath, sweating, nausea, fainting, or pain spreading to the arm, jaw, or back.","When it comes to chest pain, always remember that this can be serious and not just a minor issue like indigestion. If your chest hurts suddenly or feels really tight, especially if the pain spreads outwards towards other parts of your body such as arms, neck, jaw, or back, you should go straight to an emergency room (ER) without delaying for any more symptoms or waiting times.

Always remember that only a doctor can tell what's really going on with the pain in your chest and how best to treat it. So if possible, make sure someone takes you there as quickly as they safely can - but don't take anything before getting checked by professionals! And no matter what happens next or any medicines that might be suggested afterwards, always check back for regular follow-ups with your doctor too because staying on top of health is important after being treated.

Even though this document talks about esophageal fistulas and cancer treatment related to the esophagus (which may cause chest pain), these details are not directly linked to when someone should seek emergency care for just any form or reason behind their chest discomfort - so let's keep those specific scenarios separate from general advice on seeking help promptly with unexpected severe symptoms.

Remember, your safety is key here! Don’t hesitate reaching out if anything concerning arises regarding pain in the upper part of you that feels like squeezing or heaviness – it could be a sign something serious needs immediate attention from specialists who can help determine what's happening inside without causing more distress until they get there. Keep this guide handy and reach for medical support whenever needed; after all, taking care matters!

Remember to discuss your preferences regarding treatments like feeding tubes or life-support equipment with close ones before anything happens – but never rely on assumptions about what's best without involving doctors in such critical decisions. Always keep open dialogue going if you haven't already, and ensure that loved ones understand how important it is for everyone involved to respect each other’s wishes while being guided by medical advice tailored uniquely around the situation at hand – whether these discussions happen now or after treatment has started during recovery periods too; just keep in mind there might be many factors changing along with personal circumstances which can influence what feels right emotionally and physically when making hard choices under stressful times requiring support systems strong enough even beyond family bonds themselves!

As always, this general advice doesn't replace consulting a doctor directly for specific medical concerns – they are best positioned to help guide appropriate steps forward based on individual health needs along with any accompanying symptoms linked closely together that might hint toward potential issues being faced currently or potentially developing in future as well! So keep these pointers clear while planning ahead just remember: prioritizing personal safety above all else is never wrong given uncertain paths life may lead towards sometimes unpredictable turns which call forth courageous hearts willing to act rightly timely despite trying circumstances awaiting alongside them - stay alert, informed and ready whenever health challenges arise suddenly demand immediate action – afterall knowledge truly does empower one's journey through well-being regardless of where they find themselves standing at various points along diverse journeys shared collectively amongst humanity connected closely together!

Keep this guide as reference when planning ahead just remember: prioritizing personal safety above all else is never wrong given uncertain paths life may lead towards sometimes unpredictable turns which call forth courageous hearts willing to act rightly timely despite trying circumstances awaiting alongside them - stay alert, informed and ready whenever health challenges arise suddenly demand immediate action – afterall knowledge truly does empower one's journey through well-being regardless of where they find themselves standing at various points along diverse journeys shared collectively amongst humanity connected closely together!

Stay safe everyone! Remember that emergency care should only be considered based on actual situations needing prompt medical attention; avoid relying solely upon general information found online about specific health conditions without direct consultation from trusted professionals capable providing tailored advice precisely fitting individual circumstances – these critical decisions impact directly personal lives making them worth pursuing wholeheartedly alongside seeking expert help available locally nearby when necessary - so don't hesitate reaching out whenever worries concerning urgent matters surround your health arises suddenly requiring immediate support provided by specialists equipped uniquely addressing specific needs faced during such trying times! Take care now and best wishes always towards maintaining well-being along whichever paths life may take us onwards forward together into shared futures yet unknown ahead awaited beyond horizons visible only just beginning exploring deeper within ourselves while cherishing love amongst humanity's diverse tapestry intricately weaving unique stories full of laughter, tears and triumph bound tightly around every heartbeat echoing endlessly across generations spanning evermore timeless moments intertwined between present realities blending seamlessly into the infinite possibilities yet unfolded still ahead!

This is not medical advice.",False,0.397319495677948,43,119832,119875,0.6521739130434783,0.04387990762124711,0.0,0.007451834348442379,0.04387990762124711,0.025404157043879907,0.48882206543646256,0.6339311599731445,1.0,5.0,1.0,0.3863,0.6729,0.4382,0.56
